strategy,torque_strength,requested_release_time,actual_release_time,release_angle_deg,release_omega_rad_s,release_speed_m_s,outcome,success,final_x_m,final_y_m,final_vx_m_s,final_vy_m_s,ground_contact,landing_angle_error_deg,first_contact_angle_error_deg,first_contact_angular_velocity_rad_s,first_contact_speed_m_s,first_contact_position_m,net_rotation_deg,flight_rotation_deg,flight_time_s,total_reward,steps
pump,0.35,0.3,1.6666666666666632,-40.339378801171875,-1.9127735686949308,0.251973733103555,fell_off_platform,False,0.9839681782062271,-0.307628844319415,-0.18805908755872497,-6.6992962678986645,False,117.05507565644967,,,,,-117.05507565644874,76.71569685527689,0.7,-7.546844990886874,71
pump,0.35,0.45,1.6666666666666632,-40.339378801171875,-1.9127735686949308,0.251973733103555,fell_off_platform,False,0.9839681782062271,-0.307628844319415,-0.18805908755872497,-6.6992962678986645,False,117.05507565644967,,,,,-117.05507565644874,76.71569685527689,0.7,-7.546844990886874,71
pump,0.35,0.6,1.6666666666666632,-40.339378801171875,-1.9127735686949308,0.251973733103555,fell_off_platform,False,0.9839681782062271,-0.307628844319415,-0.18805908755872497,-6.6992962678986645,False,117.05507565644967,,,,,-117.05507565644874,76.71569685527689,0.7,-7.546844990886874,71
pump,0.35,0.75,1.6666666666666632,-40.339378801171875,-1.9127735686949308,0.251973733103555,fell_off_platform,False,0.9839681782062271,-0.307628844319415,-0.18805908755872497,-6.6992962678986645,False,117.05507565644967,,,,,-117.05507565644874,76.71569685527689,0.7,-7.546844990886874,71
pump,0.35,0.9,1.6666666666666632,-40.339378801171875,-1.9127735686949308,0.251973733103555,fell_off_platform,False,0.9839681782062271,-0.307628844319415,-0.18805908755872497,-6.6992962678986645,False,117.05507565644967,,,,,-117.05507565644874,76.71569685527689,0.7,-7.546844990886874,71
pump,0.35,1.05,1.6666666666666632,-40.339378801171875,-1.9127735686949308,0.251973733103555,fell_off_platform,False,0.9839681782062271,-0.307628844319415,-0.18805908755872497,-6.6992962678986645,False,117.05507565644967,,,,,-117.05507565644874,76.71569685527689,0.7,-7.546844990886874,71
pump,0.35,1.2,1.6666666666666632,-40.339378801171875,-1.9127735686949308,0.251973733103555,fell_off_platform,False,0.9839681782062271,-0.307628844319415,-0.18805908755872497,-6.6992962678986645,False,117.05507565644967,,,,,-117.05507565644874,76.71569685527689,0.7,-7.546844990886874,71
pump,0.35,1.35,1.6666666666666632,-40.339378801171875,-1.9127735686949308,0.251973733103555,fell_off_platform,False,0.9839681782062271,-0.307628844319415,-0.18805908755872497,-6.6992962678986645,False,117.05507565644967,,,,,-117.05507565644874,76.71569685527689,0.7,-7.546844990886874,71
pump,0.35,1.5,1.6666666666666632,-40.339378801171875,-1.9127735686949308,0.251973733103555,fell_off_platform,False,0.9839681782062271,-0.307628844319415,-0.18805908755872497,-6.6992962678986645,False,117.05507565644967,,,,,-117.05507565644874,76.71569685527689,0.7,-7.546844990886874,71
pump,0.35,1.65,1.799999999999996,-38.21774172920149,3.0813586748348047,0.3993297971173427,fell_off_platform,False,1.319430145774082,-0.14901313623749488,0.31585035714095544,-6.457341643523398,False,73.59652818570227,,,,,73.59652818570235,111.81426991490378,0.6333333333333335,-7.333921519525979,73
pump,0.65,0.3,0.9333333333333325,-35.722549923501944,3.0833745641349912,0.400225160339472,fell_off_platform,False,1.3306503339579057,-0.1441961902547548,0.32638085797384825,-6.444637031834326,False,76.16487122568371,,,,,76.16487122568363,111.88742114918558,0.6333333333333335,-7.3067141937697295,47
pump,0.65,0.45,0.9333333333333325,-35.722549923501944,3.0833745641349912,0.400225160339472,fell_off_platform,False,1.3306503339579057,-0.1441961902547548,0.32638085797384825,-6.444637031834326,False,76.16487122568371,,,,,76.16487122568363,111.88742114918558,0.6333333333333335,-7.3067141937697295,47
pump,0.65,0.6,0.9333333333333325,-35.722549923501944,3.0833745641349912,0.400225160339472,fell_off_platform,False,1.3306503339579057,-0.1441961902547548,0.32638085797384825,-6.444637031834326,False,76.16487122568371,,,,,76.16487122568363,111.88742114918558,0.6333333333333335,-7.3067141937697295,47
pump,0.65,0.75,0.9333333333333325,-35.722549923501944,3.0833745641349912,0.400225160339472,fell_off_platform,False,1.3306503339579057,-0.1441961902547548,0.32638085797384825,-6.444637031834326,False,76.16487122568371,,,,,76.16487122568363,111.88742114918558,0.6333333333333335,-7.3067141937697295,47
pump,0.65,0.9,0.9666666666666657,-28.87747815227571,4.376343752607044,0.56875762318435,fell_off_platform,False,1.4534385121975897,-0.1779570672565396,0.4996796495002706,-6.484671643359414,False,129.9283387721824,,,,,129.92833877218325,158.80581692445898,0.6333333333333335,-7.158997812117101,48
pump,0.65,1.05,1.0999999999999985,15.6674479016534,6.43711802531857,0.8413693653567235,side_landing,False,1.7190750940402035,0.32450173667877963,-1.9464851662068545,-1.808253543968863,True,123.04073505134205,123.04073505134205,6.43711802531857,5.624216887576991,"(1.7190750940402035, 0.32450173667877963)",236.95926494865796,221.29181704700457,0.6000000000000003,-7.109808870592258,51
pump,0.65,1.2,1.2666666666666646,60.540279996504815,1.8720398880066529,0.25009010464007797,fell_off_platform,False,1.3948845373910463,-0.23519429730480737,0.11580307585982992,-6.645336498132233,False,135.62226926055246,,,,,135.6222692605524,75.08198926404762,0.7,-7.421925471038416,59
pump,0.65,1.35,1.3999999999999975,53.83916803891728,-4.5949520440583544,0.595079689678025,fell_off_platform,False,1.0802992882046967,-0.2713292001193377,-0.35550184247809963,-6.690219317570008,False,112.8993594478004,,,,,-112.8993594478004,166.7385274867176,0.6333333333333335,-7.049375515039495,61
pump,0.65,1.5,1.5666666666666635,-18.609110829081217,-8.892346458063765,1.1680939981232323,fell_off_platform,False,0.38907383366869547,-0.17731280835452773,-1.1003010283517423,-6.474850493485449,False,15.254856239694014,,,,,-375.2548562396944,356.6457454106131,0.7,-6.601340003238194,68
pump,0.65,1.65,1.6999999999999964,-73.71098004005873,-4.5663973970323335,0.6106326276145849,fell_off_platform,False,0.9580396725524862,-0.16497529791135854,-0.15787933177233576,-6.604130249540971,False,94.42313444499172,,,,,-265.57686555500806,191.86588551494933,0.7333333333333332,-6.945421761768715,73
pump,1.0,0.3,0.7666666666666664,-51.267669792853646,-4.011437896487384,0.5274502209275237,fell_off_platform,False,0.8724256578864151,-0.11557911458968487,-0.32212714021857425,-6.449342435611318,False,147.84540733385182,,,,,-212.15459266614857,160.88692287329488,0.7,-7.144660277129637,44
pump,1.0,0.45,0.7666666666666664,-51.267669792853646,-4.011437896487384,0.5274502209275237,fell_off_platform,False,0.8724256578864151,-0.11557911458968487,-0.32212714021857425,-6.449342435611318,False,147.84540733385182,,,,,-212.15459266614857,160.88692287329488,0.7,-7.144660277129637,44
pump,1.0,0.6,0.7666666666666664,-51.267669792853646,-4.011437896487384,0.5274502209275237,fell_off_platform,False,0.8724256578864151,-0.11557911458968487,-0.32212714021857425,-6.449342435611318,False,147.84540733385182,,,,,-212.15459266614857,160.88692287329488,0.7,-7.144660277129637,44
pump,1.0,0.75,0.7999999999999996,-58.20653089333112,-2.9781247348209323,0.3930457391396861,fell_off_platform,False,0.9491249709265728,-0.1578325264430246,-0.19950780891643902,-6.528353300271189,False,177.65031561146088,,,,,-177.6503156114609,119.44378471812976,0.7,-7.268739838658874,45
pump,1.0,0.9,0.9666666666666657,-56.987482495188324,4.795876991246967,0.6216646475517893,fell_off_platform,False,1.3076411561599532,-0.2914880786139156,0.3429132340147813,-6.731533940984801,False,117.04207425763374,,,,,117.04207425763381,174.0295567528221,0.6333333333333335,-6.9805135752069045,48
pump,1.0,1.05,1.0999999999999985,2.8551557747534058,9.983027571614098,1.3078512769063355,unstable_landing,False,2.1137744661182083,0.24510159544941873,-8.492825317993111e-19,-1.2215900063879298e-18,True,84.88220864501821,23.486725365783702,9.983027571614098,5.706176308407798,"(1.9663075111656312, 0.32156224264783384)",275.11779135498176,395.0573804390973,1.3999999999999975,-6.59891903803968,75
pump,1.0,1.2,1.2666666666666646,85.28670828007189,5.750694614937012,0.7693429655165279,fell_off_platform,False,1.3685055020465484,-0.22741139908111394,0.047940975082757194,-6.753152188583012,False,22.10388484647785,,,,,337.896115153522,252.6094068734501,0.7666666666666664,-6.508040335933186,61
pump,1.0,1.35,1.4999999999999971,100.66785322497967,-5.166852790262831,0.666013292552256,fell_off_platform,False,1.403444971464252,-0.2833933967623016,0.1178489405424126,-6.868503877234413,False,86.82342366507427,,,,,-86.8234236650744,187.491276890054,0.6333333333333335,-6.825099536926769,64
pump,1.0,1.5,1.5666666666666635,73.2020183634735,-9.742977781741706,1.2671938488231635,fell_off_platform,False,1.1111594684730044,-0.22501069936574222,-0.38056106062601064,-6.767699106324855,False,116.87083118613843,,,,,-243.12916881386116,316.3311871773345,0.5666666666666671,-6.901090351966582,64
pump,1.0,1.65,1.6999999999999964,-22.85212285574503,-13.740162597620724,1.8227975385410609,fell_off_platform,False,-0.01342076722837115,0.06568695057968557,-1.6659611659387028,-6.1272944774469424,False,146.07054847723083,,,,,-573.9294515227692,551.0773286670243,0.7,-6.962685667226004,72
constant_positive,0.35,0.3,,,,,failed_to_release,False,1.2061991748200571,1.9201311868873896,0.08067712145589827,0.003953887493924323,False,2.732869761290779,,,,,2.7328697612908552,0.0,0.0,-8.05198827464132,55
constant_positive,0.35,0.45,,,,,failed_to_release,False,1.2061991748200571,1.9201311868873896,0.08067712145589827,0.003953887493924323,False,2.732869761290779,,,,,2.7328697612908552,0.0,0.0,-8.05198827464132,55
constant_positive,0.35,0.6,,,,,failed_to_release,False,1.2061991748200571,1.9201311868873896,0.08067712145589827,0.003953887493924323,False,2.732869761290779,,,,,2.7328697612908552,0.0,0.0,-8.05198827464132,55
constant_positive,0.35,0.75,,,,,failed_to_release,False,1.2061991748200571,1.9201311868873896,0.08067712145589827,0.003953887493924323,False,2.732869761290779,,,,,2.7328697612908552,0.0,0.0,-8.05198827464132,55
constant_positive,0.35,0.9,,,,,failed_to_release,False,1.2061991748200571,1.9201311868873896,0.08067712145589827,0.003953887493924323,False,2.732869761290779,,,,,2.7328697612908552,0.0,0.0,-8.05198827464132,55
constant_positive,0.35,1.05,,,,,failed_to_release,False,1.2061991748200571,1.9201311868873896,0.08067712145589827,0.003953887493924323,False,2.732869761290779,,,,,2.7328697612908552,0.0,0.0,-8.05198827464132,55
constant_positive,0.35,1.2,,,,,failed_to_release,False,1.2061991748200571,1.9201311868873896,0.08067712145589827,0.003953887493924323,False,2.732869761290779,,,,,2.7328697612908552,0.0,0.0,-8.05198827464132,55
constant_positive,0.35,1.35,,,,,failed_to_release,False,1.2061991748200571,1.9201311868873896,0.08067712145589827,0.003953887493924323,False,2.732869761290779,,,,,2.7328697612908552,0.0,0.0,-8.05198827464132,55
constant_positive,0.35,1.5,,,,,failed_to_release,False,1.2061991748200571,1.9201311868873896,0.08067712145589827,0.003953887493924323,False,2.732869761290779,,,,,2.7328697612908552,0.0,0.0,-8.05198827464132,55
constant_positive,0.35,1.65,,,,,failed_to_release,False,1.2061991748200571,1.9201311868873896,0.08067712145589827,0.003953887493924323,False,2.732869761290779,,,,,2.7328697612908552,0.0,0.0,-8.05198827464132,55
constant_positive,0.65,0.3,,,,,failed_to_release,False,1.2098118648342937,1.9203173055086773,0.14162817860709337,0.011043931169687323,False,4.32630164708585,,,,,4.3263016470859,0.0,0.0,-8.012664193732506,55
constant_positive,0.65,0.45,,,,,failed_to_release,False,1.2098118648342937,1.9203173055086773,0.14162817860709337,0.011043931169687323,False,4.32630164708585,,,,,4.3263016470859,0.0,0.0,-8.012664193732506,55
constant_positive,0.65,0.6,,,,,failed_to_release,False,1.2098118648342937,1.9203173055086773,0.14162817860709337,0.011043931169687323,False,4.32630164708585,,,,,4.3263016470859,0.0,0.0,-8.012664193732506,55
constant_positive,0.65,0.75,,,,,failed_to_release,False,1.2098118648342937,1.9203173055086773,0.14162817860709337,0.011043931169687323,False,4.32630164708585,,,,,4.3263016470859,0.0,0.0,-8.012664193732506,55
constant_positive,0.65,0.9,,,,,failed_to_release,False,1.2098118648342937,1.9203173055086773,0.14162817860709337,0.011043931169687323,False,4.32630164708585,,,,,4.3263016470859,0.0,0.0,-8.012664193732506,55
constant_positive,0.65,1.05,,,,,failed_to_release,False,1.2098118648342937,1.9203173055086773,0.14162817860709337,0.011043931169687323,False,4.32630164708585,,,,,4.3263016470859,0.0,0.0,-8.012664193732506,55
constant_positive,0.65,1.2,,,,,failed_to_release,False,1.2098118648342937,1.9203173055086773,0.14162817860709337,0.011043931169687323,False,4.32630164708585,,,,,4.3263016470859,0.0,0.0,-8.012664193732506,55
constant_positive,0.65,1.35,,,,,failed_to_release,False,1.2098118648342937,1.9203173055086773,0.14162817860709337,0.011043931169687323,False,4.32630164708585,,,,,4.3263016470859,0.0,0.0,-8.012664193732506,55
constant_positive,0.65,1.5,,,,,failed_to_release,False,1.2098118648342937,1.9203173055086773,0.14162817860709337,0.011043931169687323,False,4.32630164708585,,,,,4.3263016470859,0.0,0.0,-8.012664193732506,55
constant_positive,0.65,1.65,,,,,failed_to_release,False,1.2098118648342937,1.9203173055086773,0.14162817860709337,0.011043931169687323,False,4.32630164708585,,,,,4.3263016470859,0.0,0.0,-8.012664193732506,55
constant_positive,1.0,0.3,,,,,failed_to_release,False,1.2102677059291689,1.920294753298264,0.18744772453008915,0.0155104731140791,False,4.5219444803987665,,,,,4.5219444803987665,0.0,0.0,-7.978692406562598,55
constant_positive,1.0,0.45,,,,,failed_to_release,False,1.2102677059291689,1.920294753298264,0.18744772453008915,0.0155104731140791,False,4.5219444803987665,,,,,4.5219444803987665,0.0,0.0,-7.978692406562598,55
constant_positive,1.0,0.6,,,,,failed_to_release,False,1.2102677059291689,1.920294753298264,0.18744772453008915,0.0155104731140791,False,4.5219444803987665,,,,,4.5219444803987665,0.0,0.0,-7.978692406562598,55
constant_positive,1.0,0.75,,,,,failed_to_release,False,1.2102677059291689,1.920294753298264,0.18744772453008915,0.0155104731140791,False,4.5219444803987665,,,,,4.5219444803987665,0.0,0.0,-7.978692406562598,55
constant_positive,1.0,0.9,,,,,failed_to_release,False,1.2102677059291689,1.920294753298264,0.18744772453008915,0.0155104731140791,False,4.5219444803987665,,,,,4.5219444803987665,0.0,0.0,-7.978692406562598,55
constant_positive,1.0,1.05,,,,,failed_to_release,False,1.2102677059291689,1.920294753298264,0.18744772453008915,0.0155104731140791,False,4.5219444803987665,,,,,4.5219444803987665,0.0,0.0,-7.978692406562598,55
constant_positive,1.0,1.2,,,,,failed_to_release,False,1.2102677059291689,1.920294753298264,0.18744772453008915,0.0155104731140791,False,4.5219444803987665,,,,,4.5219444803987665,0.0,0.0,-7.978692406562598,55
constant_positive,1.0,1.35,,,,,failed_to_release,False,1.2102677059291689,1.920294753298264,0.18744772453008915,0.0155104731140791,False,4.5219444803987665,,,,,4.5219444803987665,0.0,0.0,-7.978692406562598,55
constant_positive,1.0,1.5,,,,,failed_to_release,False,1.2102677059291689,1.920294753298264,0.18744772453008915,0.0155104731140791,False,4.5219444803987665,,,,,4.5219444803987665,0.0,0.0,-7.978692406562598,55
constant_positive,1.0,1.65,,,,,failed_to_release,False,1.2102677059291689,1.920294753298264,0.18744772453008915,0.0155104731140791,False,4.5219444803987665,,,,,4.5219444803987665,0.0,0.0,-7.978692406562598,55
constant_negative,0.35,0.3,,,,,failed_to_release,False,1.1938008251799428,1.9201311868873896,-0.08067712145589827,0.003953887493924323,False,2.732869761290779,,,,,-2.7328697612908552,0.0,0.0,-8.05198827464132,55
constant_negative,0.35,0.45,,,,,failed_to_release,False,1.1938008251799428,1.9201311868873896,-0.08067712145589827,0.003953887493924323,False,2.732869761290779,,,,,-2.7328697612908552,0.0,0.0,-8.05198827464132,55
constant_negative,0.35,0.6,,,,,failed_to_release,False,1.1938008251799428,1.9201311868873896,-0.08067712145589827,0.003953887493924323,False,2.732869761290779,,,,,-2.7328697612908552,0.0,0.0,-8.05198827464132,55
constant_negative,0.35,0.75,,,,,failed_to_release,False,1.1938008251799428,1.9201311868873896,-0.08067712145589827,0.003953887493924323,False,2.732869761290779,,,,,-2.7328697612908552,0.0,0.0,-8.05198827464132,55
constant_negative,0.35,0.9,,,,,failed_to_release,False,1.1938008251799428,1.9201311868873896,-0.08067712145589827,0.003953887493924323,False,2.732869761290779,,,,,-2.7328697612908552,0.0,0.0,-8.05198827464132,55
constant_negative,0.35,1.05,,,,,failed_to_release,False,1.1938008251799428,1.9201311868873896,-0.08067712145589827,0.003953887493924323,False,2.732869761290779,,,,,-2.7328697612908552,0.0,0.0,-8.05198827464132,55
constant_negative,0.35,1.2,,,,,failed_to_release,False,1.1938008251799428,1.9201311868873896,-0.08067712145589827,0.003953887493924323,False,2.732869761290779,,,,,-2.7328697612908552,0.0,0.0,-8.05198827464132,55
constant_negative,0.35,1.35,,,,,failed_to_release,False,1.1938008251799428,1.9201311868873896,-0.08067712145589827,0.003953887493924323,False,2.732869761290779,,,,,-2.7328697612908552,0.0,0.0,-8.05198827464132,55
constant_negative,0.35,1.5,,,,,failed_to_release,False,1.1938008251799428,1.9201311868873896,-0.08067712145589827,0.003953887493924323,False,2.732869761290779,,,,,-2.7328697612908552,0.0,0.0,-8.05198827464132,55
constant_negative,0.35,1.65,,,,,failed_to_release,False,1.1938008251799428,1.9201311868873896,-0.08067712145589827,0.003953887493924323,False,2.732869761290779,,,,,-2.7328697612908552,0.0,0.0,-8.05198827464132,55
constant_negative,0.65,0.3,,,,,failed_to_release,False,1.1901881351657062,1.9203173055086773,-0.14162817860709337,0.011043931169687323,False,4.32630164708585,,,,,-4.3263016470859,0.0,0.0,-8.012664193732506,55
constant_negative,0.65,0.45,,,,,failed_to_release,False,1.1901881351657062,1.9203173055086773,-0.14162817860709337,0.011043931169687323,False,4.32630164708585,,,,,-4.3263016470859,0.0,0.0,-8.012664193732506,55
constant_negative,0.65,0.6,,,,,failed_to_release,False,1.1901881351657062,1.9203173055086773,-0.14162817860709337,0.011043931169687323,False,4.32630164708585,,,,,-4.3263016470859,0.0,0.0,-8.012664193732506,55
constant_negative,0.65,0.75,,,,,failed_to_release,False,1.1901881351657062,1.9203173055086773,-0.14162817860709337,0.011043931169687323,False,4.32630164708585,,,,,-4.3263016470859,0.0,0.0,-8.012664193732506,55
constant_negative,0.65,0.9,,,,,failed_to_release,False,1.1901881351657062,1.9203173055086773,-0.14162817860709337,0.011043931169687323,False,4.32630164708585,,,,,-4.3263016470859,0.0,0.0,-8.012664193732506,55
constant_negative,0.65,1.05,,,,,failed_to_release,False,1.1901881351657062,1.9203173055086773,-0.14162817860709337,0.011043931169687323,False,4.32630164708585,,,,,-4.3263016470859,0.0,0.0,-8.012664193732506,55
constant_negative,0.65,1.2,,,,,failed_to_release,False,1.1901881351657062,1.9203173055086773,-0.14162817860709337,0.011043931169687323,False,4.32630164708585,,,,,-4.3263016470859,0.0,0.0,-8.012664193732506,55
constant_negative,0.65,1.35,,,,,failed_to_release,False,1.1901881351657062,1.9203173055086773,-0.14162817860709337,0.011043931169687323,False,4.32630164708585,,,,,-4.3263016470859,0.0,0.0,-8.012664193732506,55
constant_negative,0.65,1.5,,,,,failed_to_release,False,1.1901881351657062,1.9203173055086773,-0.14162817860709337,0.011043931169687323,False,4.32630164708585,,,,,-4.3263016470859,0.0,0.0,-8.012664193732506,55
constant_negative,0.65,1.65,,,,,failed_to_release,False,1.1901881351657062,1.9203173055086773,-0.14162817860709337,0.011043931169687323,False,4.32630164708585,,,,,-4.3263016470859,0.0,0.0,-8.012664193732506,55
constant_negative,1.0,0.3,,,,,failed_to_release,False,1.189732294070831,1.920294753298264,-0.18744772453008915,0.0155104731140791,False,4.5219444803987665,,,,,-4.5219444803987665,0.0,0.0,-7.978692406562598,55
constant_negative,1.0,0.45,,,,,failed_to_release,False,1.189732294070831,1.920294753298264,-0.18744772453008915,0.0155104731140791,False,4.5219444803987665,,,,,-4.5219444803987665,0.0,0.0,-7.978692406562598,55
constant_negative,1.0,0.6,,,,,failed_to_release,False,1.189732294070831,1.920294753298264,-0.18744772453008915,0.0155104731140791,False,4.5219444803987665,,,,,-4.5219444803987665,0.0,0.0,-7.978692406562598,55
constant_negative,1.0,0.75,,,,,failed_to_release,False,1.189732294070831,1.920294753298264,-0.18744772453008915,0.0155104731140791,False,4.5219444803987665,,,,,-4.5219444803987665,0.0,0.0,-7.978692406562598,55
constant_negative,1.0,0.9,,,,,failed_to_release,False,1.189732294070831,1.920294753298264,-0.18744772453008915,0.0155104731140791,False,4.5219444803987665,,,,,-4.5219444803987665,0.0,0.0,-7.978692406562598,55
constant_negative,1.0,1.05,,,,,failed_to_release,False,1.189732294070831,1.920294753298264,-0.18744772453008915,0.0155104731140791,False,4.5219444803987665,,,,,-4.5219444803987665,0.0,0.0,-7.978692406562598,55
constant_negative,1.0,1.2,,,,,failed_to_release,False,1.189732294070831,1.920294753298264,-0.18744772453008915,0.0155104731140791,False,4.5219444803987665,,,,,-4.5219444803987665,0.0,0.0,-7.978692406562598,55
constant_negative,1.0,1.35,,,,,failed_to_release,False,1.189732294070831,1.920294753298264,-0.18744772453008915,0.0155104731140791,False,4.5219444803987665,,,,,-4.5219444803987665,0.0,0.0,-7.978692406562598,55
constant_negative,1.0,1.5,,,,,failed_to_release,False,1.189732294070831,1.920294753298264,-0.18744772453008915,0.0155104731140791,False,4.5219444803987665,,,,,-4.5219444803987665,0.0,0.0,-7.978692406562598,55
constant_negative,1.0,1.65,,,,,failed_to_release,False,1.189732294070831,1.920294753298264,-0.18744772453008915,0.0155104731140791,False,4.5219444803987665,,,,,-4.5219444803987665,0.0,0.0,-7.978692406562598,55
